twotheta,intensity
10.0001,1807
10.0206,1796
10.041,1765
10.0615,1831
10.082,1835
10.1024,1841
10.1229,1783
10.1433,1876
10.1638,1760
10.1843,1778
10.2047,1781
10.2252,1793
10.2457,1695
10.2661,1784
10.2866,1878
10.3071,1771
10.3275,1766
10.348,1849
10.3685,1812
10.3889,1777
10.4094,1735
10.4298,1764
10.4503,1747
10.4708,1821
10.4912,1792
10.5117,1778
10.5322,1781
10.5526,1791
10.5731,1772
10.5936,1768
10.614,1742
10.6345,1674
10.6549,1801
10.6754,1779
10.6959,1751
10.7163,1728
10.7368,1716
10.7573,1704
10.7777,1705
10.7982,1787
10.8187,1755
10.8391,1624
10.8596,1747
10.88,1676
10.9005,1696
10.921,1610
10.9414,1731
10.9619,1759
10.9824,1743
11.0028,1671
11.0233,1735
11.0438,1707
11.0642,1762
11.0847,1779
11.1052,1695
11.1256,1732
11.1461,1634
11.1665,1670
11.187,1708
11.2075,1764
11.2279,1801
11.2484,1716
11.2689,1680
11.2893,1718
11.3098,1644
11.3303,1751
11.3507,1659
11.3712,1628
11.3916,1807
11.4121,1770
11.4326,1696
11.453,1669
11.4735,1680
11.494,1622
11.5144,1761
11.5349,1703
11.5554,1679
11.5758,1654
11.5963,1671
11.6167,1722
11.6372,1640
11.6577,1756
11.6781,1657
11.6986,1715
11.7191,1652
11.7395,1641
11.76,1595
11.7805,1739
11.8009,1655
11.8214,1630
11.8419,1713
11.8623,1731
11.8828,1705
11.9032,1707
11.9237,1701
11.9442,1747
11.9646,1679
11.9851,1628
12.0056,1670
12.026,1646
12.0465,1748
12.067,1682
12.0874,1655
12.1079,1667
12.1283,1629
12.1488,1647
12.1693,1649
12.1897,1604
12.2102,1691
12.2307,1586
12.2511,1688
12.2716,1727
12.2921,1758
12.3125,1659
12.333,1627
12.3534,1660
12.3739,1663
12.3944,1741
12.4148,1664
12.4353,1674
12.4558,1647
12.4762,1644
12.4967,1669
12.5172,1657
12.5376,1654
12.5581,1737
12.5786,1653
12.599,1647
12.6195,1669
12.6399,1626
12.6604,1765
12.6809,1603
12.7013,1727
12.7218,1693
12.7423,1602
12.7627,1668
12.7832,1686
12.8037,1746
12.8241,1695
12.8446,1688
12.865,1644
12.8855,1726
12.906,1737
12.9264,1710
12.9469,1641
12.9674,1686
12.9878,1703
13.0083,1709
13.0288,1676
13.0492,1617
13.0697,1690
13.0901,1684
13.1106,1662
13.1311,1638
13.1515,1691
13.172,1684
13.1925,1661
13.2129,1685
13.2334,1723
13.2539,1652
13.2743,1620
13.2948,1704
13.3153,1674
13.3357,1652
13.3562,1668
13.3766,1759
13.3971,1622
13.4176,1669
13.438,1669
13.4585,1659
13.479,1739
13.4994,1756
13.5199,1705
13.5404,1691
13.5608,1726
13.5813,1689
13.6017,1618
13.6222,1636
13.6427,1622
13.6631,1684
13.6836,1707
13.7041,1725
13.7245,1692
13.745,1669
13.7655,1745
13.7859,1725
13.8064,1691
13.8268,1785
13.8473,1728
13.8678,1690
13.8882,1691
13.9087,1705
13.9292,1777
13.9496,1729
13.9701,1709
13.9906,1739
14.011,1757
14.0315,1745
14.052,1663
14.0724,1736
14.0929,1734
14.1133,1718
14.1338,1761
14.1543,1760
14.1747,1702
14.1952,1666
14.2157,1723
14.2361,1723
14.2566,1734
14.2771,1733
14.2975,1722
14.318,1773
14.3384,1739
14.3589,1705
14.3794,1784
14.3998,1735
14.4203,1701
14.4408,1719
14.4612,1732
14.4817,1774
14.5022,1828
14.5226,1767
14.5431,1805
14.5635,1772
14.584,1779
14.6045,1812
14.6249,1782
14.6454,1815
14.6659,1774
14.6863,1767
14.7068,1757
14.7273,1811
14.7477,1689
14.7682,1806
14.7887,1767
14.8091,1803
14.8296,1864
14.85,1819
14.8705,1775
14.891,1807
14.9114,1824
14.9319,1779
14.9524,1772
14.9728,1842
14.9933,1778
15.0138,1827
15.0342,1805
15.0547,1842
15.0751,1770
15.0956,1829
15.1161,1854
15.1365,1817
15.157,1799
15.1775,1770
15.1979,1791
15.2184,1781
15.2389,1820
15.2593,1820
15.2798,1793
15.3002,1890
15.3207,1812
15.3412,1846
15.3616,1915
15.3821,1861
15.4026,1811
15.423,1845
15.4435,1866
15.464,1849
15.4844,1935
15.5049,1923
15.5254,1901
15.5458,1804
15.5663,1872
15.5867,1947
15.6072,1900
15.6277,1937
15.6481,1809
15.6686,1872
15.6891,1904
15.7095,1980
15.73,1926
15.7505,1997
15.7709,1932
15.7914,1852
15.8118,1851
15.8323,1909
15.8528,1931
15.8732,1929
15.8937,1954
15.9142,1902
15.9346,1994
15.9551,1950
15.9756,1897
15.996,1964
16.0165,1960
16.0369,1989
16.0574,1917
16.0779,1937
16.0983,1904
16.1188,1870
16.1393,1999
16.1597,1863
16.1802,2018
16.2007,2068
16.2211,1973
16.2416,2009
16.2621,1947
16.2825,2045
16.303,2049
16.3234,1996
16.3439,1985
16.3644,2041
16.3848,2077
16.4053,1952
16.4258,2060
16.4462,2016
16.4667,2023
16.4872,1927
16.5076,1990
16.5281,1971
16.5485,2067
16.569,2006
16.5895,2101
16.6099,2047
16.6304,1984
16.6509,2117
16.6713,2024
16.6918,2072
16.7123,2040
16.7327,2111
16.7532,2030
16.7736,2154
16.7941,2154
16.8146,2064
16.835,2080
16.8555,2038
16.876,2095
16.8964,2131
16.9169,2103
16.9374,2171
16.9578,2066
16.9783,2020
16.9988,2154
17.0192,2117
17.0397,2146
17.0601,2163
17.0806,2178
17.1011,2083
17.1215,2181
17.142,2185
17.1625,2166
17.1829,2079
17.2034,2174
17.2239,2155
17.2443,2238
17.2648,2189
17.2852,2167
17.3057,2159
17.3262,2222
17.3466,2142
17.3671,2231
17.3876,2178
17.408,2245
17.4285,2206
17.449,2190
17.4694,2154
17.4899,2263
17.5103,2321
17.5308,2289
17.5513,2265
17.5717,2185
17.5922,2288
17.6127,2330
17.6331,2200
17.6536,2266
17.6741,2269
17.6945,2261
17.715,2197
17.7355,2180
17.7559,2281
17.7764,2361
17.7968,2269
17.8173,2396
17.8378,2308
17.8582,2341
17.8787,2294
17.8992,2415
17.9196,2346
17.9401,2330
17.9606,2419
17.981,2337
18.0015,2454
18.0219,2353
18.0424,2357
18.0629,2312
18.0833,2343
18.1038,2387
18.1243,2394
18.1447,2396
18.1652,2374
18.1857,2453
18.2061,2381
18.2266,2351
18.247,2454
18.2675,2468
18.288,2476
18.3084,2386
18.3289,2384
18.3494,2448
18.3698,2520
18.3903,2570
18.4108,2428
18.4312,2490
18.4517,2395
18.4722,2496
18.4926,2449
18.5131,2478
18.5335,2513
18.554,2501
18.5745,2423
18.5949,2460
18.6154,2565
18.6359,2505
18.6563,2505
18.6768,2545
18.6973,2522
18.7177,2598
18.7382,2567
18.7586,2515
18.7791,2556
18.7996,2551
18.82,2563
18.8405,2534
18.861,2573
18.8814,2618
18.9019,2608
18.9224,2657
18.9428,2611
18.9633,2597
18.9837,2595
19.0042,2618
19.0247,2594
19.0451,2592
19.0656,2610
19.0861,2688
19.1065,2755
19.127,2642
19.1475,2580
19.1679,2752
19.1884,2661
19.2089,2609
19.2293,2728
19.2498,2604
19.2702,2804
19.2907,2702
19.3112,2781
19.3316,2684
19.3521,2644
19.3726,2685
19.393,2570
19.4135,2785
19.434,2780
19.4544,2725
19.4749,2743
19.4953,2739
19.5158,2775
19.5363,2750
19.5567,2687
19.5772,2728
19.5977,2807
19.6181,2741
19.6386,2747
19.6591,2845
19.6795,2801
19.7,2833
19.7204,2797
19.7409,2812
19.7614,2799
19.7818,2756
19.8023,2840
19.8228,2958
19.8432,2773
19.8637,2798
19.8842,2825
19.9046,2804
19.9251,2794
19.9456,2749
19.966,2788
19.9865,2916
20.0069,2922
20.0274,2840
20.0479,2847
20.0683,2880
20.0888,2925
20.1093,2917
20.1297,2940
20.1502,2906
20.1707,2915
20.1911,2894
20.2116,2882
20.232,2865
20.2525,2843
20.273,2929
20.2934,2952
20.3139,2903
20.3344,3141
20.3548,3059
20.3753,2982
20.3958,2953
20.4162,3021
20.4367,3034
20.4571,2987
20.4776,2954
20.4981,2923
20.5185,2934
20.539,2930
20.5595,3011
20.5799,2933
20.6004,2954
20.6209,2879
20.6413,2959
20.6618,2993
20.6823,2960
20.7027,2938
20.7232,2955
20.7436,3025
20.7641,3010
20.7846,2990
20.805,3007
20.8255,3011
20.846,3039
20.8664,2977
20.8869,3018
20.9074,3018
20.9278,3103
20.9483,3001
20.9687,2990
20.9892,3183
21.0097,3033
21.0301,3078
21.0506,3035
21.0711,3055
21.0915,3072
21.112,3028
21.1325,3080
21.1529,3025
21.1734,3100
21.1938,3057
21.2143,3129
21.2348,3159
21.2552,3113
21.2757,3108
21.2962,3138
21.3166,3124
21.3371,3112
21.3576,2987
21.378,3023
21.3985,2990
21.419,3103
21.4394,3122
21.4599,3046
21.4803,3195
21.5008,3115
21.5213,3119
21.5417,3070
21.5622,3144
21.5827,3123
21.6031,3030
21.6236,3040
21.6441,3105
21.6645,3166
21.685,3030
21.7054,3109
21.7259,3000
21.7464,3157
21.7668,3065
21.7873,3197
21.8078,3173
21.8282,3099
21.8487,3183
21.8692,3020
21.8896,2997
21.9101,3082
21.9305,3121
21.951,3188
21.9715,3167
21.9919,3170
22.0124,3152
22.0329,3186
22.0533,3098
22.0738,3139
22.0943,3111
22.1147,3101
22.1352,3028
22.1557,3048
22.1761,3094
22.1966,3084
22.217,3063
22.2375,3081
22.258,3095
22.2784,3177
22.2989,3195
22.3194,3078
22.3398,3031
22.3603,3207
22.3808,3018
22.4012,3112
22.4217,3117
22.4421,2992
22.4626,3129
22.4831,3148
22.5035,3145
22.524,3071
22.5445,3092
22.5649,3017
22.5854,3128
22.6059,3056
22.6263,3082
22.6468,3110
22.6672,3063
22.6877,2980
22.7082,3017
22.7286,3020
22.7491,3024
22.7696,3150
22.79,3052
22.8105,3006
22.831,3034
22.8514,3090
22.8719,3098
22.8924,3083
22.9128,3128
22.9333,3011
22.9537,3062
22.9742,3102
22.9947,2958
23.0151,3055
23.0356,3046
23.0561,3044
23.0765,2984
23.097,3013
23.1175,3003
23.1379,3009
23.1584,2931
23.1788,2953
23.1993,2934
23.2198,3016
23.2402,3023
23.2607,2990
23.2812,3016
23.3016,3098
23.3221,3015
23.3426,2945
23.363,2946
23.3835,2969
23.4039,2882
23.4244,3000
23.4449,2954
23.4653,3037
23.4858,3155
23.5063,2874
23.5267,3002
23.5472,2940
23.5677,2972
23.5881,2977
23.6086,2917
23.6291,2858
23.6495,3027
23.67,2845
23.6904,2857
23.7109,2803
23.7314,2912
23.7518,2973
23.7723,3012
23.7928,2881
23.8132,2886
23.8337,3046
23.8542,2896
23.8746,3008
23.8951,2860
23.9155,2926
23.936,2879
23.9565,2871
23.9769,2965
23.9974,2929
24.0179,2841
24.0383,2812
24.0588,2806
24.0793,2881
24.0997,2885
24.1202,2883
24.1407,2775
24.1611,2952
24.1816,2972
24.202,2893
24.2225,2839
24.243,2821
24.2634,2793
24.2839,2814
24.3044,2759
24.3248,2820
24.3453,2797
24.3658,2777
24.3862,2859
24.4067,2918
24.4271,2848
24.4476,2865
24.4681,2854
24.4885,2791
24.509,2793
24.5295,2674
24.5499,2698
24.5704,2765
24.5909,2768
24.6113,2706
24.6318,2799
24.6522,2756
24.6727,2677
24.6932,2776
24.7136,2706
24.7341,2760
24.7546,2730
24.775,2743
24.7955,2650
24.816,2723
24.8364,2679
24.8569,2730
24.8774,2829
24.8978,2723
24.9183,2676
24.9387,2656
24.9592,2649
24.9797,2611
25.0001,2692
25.0206,2672
25.0411,2656
25.0615,2668
25.082,2651
25.1025,2663
25.1229,2705
25.1434,2601
25.1638,2608
25.1843,2648
25.2048,2566
25.2252,2585
25.2457,2528
25.2662,2577
25.2866,2585
25.3071,2634
25.3276,2666
25.348,2601
25.3685,2594
25.3889,2576
25.4094,2596
25.4299,2576
25.4503,2568
25.4708,2555
25.4913,2455
25.5117,2641
25.5322,2589
25.5527,2526
25.5731,2451
25.5936,2616
25.6141,2561
25.6345,2459
25.655,2544
25.6754,2515
25.6959,2459
25.7164,2507
25.7368,2556
25.7573,2465
25.7778,2493
25.7982,2403
25.8187,2466
25.8392,2502
25.8596,2469
25.8801,2443
25.9005,2403
25.921,2498
25.9415,2432
25.9619,2488
25.9824,2420
26.0029,2445
26.0233,2520
26.0438,2489
26.0643,2487
26.0847,2484
26.1052,2412
26.1256,2443
26.1461,2434
26.1666,2408
26.187,2496
26.2075,2438
26.228,2403
26.2484,2369
26.2689,2440
26.2894,2398
26.3098,2412
26.3303,2387
26.3508,2397
26.3712,2381
26.3917,2286
26.4121,2334
26.4326,2345
26.4531,2368
26.4735,2386
26.494,2340
26.5145,2387
26.5349,2285
26.5554,2363
26.5759,2300
26.5963,2417
26.6168,2340
26.6372,2315
26.6577,2372
26.6782,2371
26.6986,2308
26.7191,2283
26.7396,2306
26.76,2308
26.7805,2400
26.801,2346
26.8214,2329
26.8419,2325
26.8623,2177
26.8828,2265
26.9033,2368
26.9237,2277
26.9442,2302
26.9647,2236
26.9851,2329
27.0056,2296
27.0261,2256
27.0465,2201
27.067,2209
27.0875,2289
27.1079,2255
27.1284,2197
27.1488,2214
27.1693,2213
27.1898,2221
27.2102,2231
27.2307,2271
27.2512,2167
27.2716,2247
27.2921,2236
27.3126,2175
27.333,2183
27.3535,2105
27.3739,2233
27.3944,2243
27.4149,2121
27.4353,2157
27.4558,2216
27.4763,2101
27.4967,2155
27.5172,2208
27.5377,2205
27.5581,2168
27.5786,2171
27.599,2111
27.6195,2128
27.64,2077
27.6604,2145
27.6809,2098
27.7014,2152
27.7218,2109
27.7423,2153
27.7628,2083
27.7832,2102
27.8037,2141
27.8242,2157
27.8446,2092
27.8651,2037
27.8855,2098
27.906,2144
27.9265,2056
27.9469,2026
27.9674,2044
27.9879,2081
28.0083,2016
28.0288,2064
28.0493,2050
28.0697,2100
28.0902,2053
28.1106,2077
28.1311,2001
28.1516,2058
28.172,1996
28.1925,1978
28.213,2074
28.2334,2059
28.2539,2029
28.2744,1996
28.2948,2126
28.3153,2056
28.3357,1987
28.3562,1992
28.3767,2024
28.3971,1957
28.4176,1958
28.4381,1987
28.4585,2017
28.479,2061
28.4995,1929
28.5199,1835
28.5404,2005
28.5609,1936
28.5813,1889
28.6018,1993
28.6222,1938
28.6427,2005
28.6632,1976
28.6836,2084
28.7041,2018
28.7246,1962
28.745,1962
28.7655,1941
28.786,1931
28.8064,1993
28.8269,1936
28.8473,1929
28.8678,1931
28.8883,1964
28.9087,1884
28.9292,1958
28.9497,1884
28.9701,1884
28.9906,1935
29.0111,1908
29.0315,2006
29.052,1895
29.0724,1860
29.0929,1959
29.1134,1850
29.1338,1852
29.1543,1963
29.1748,1878
29.1952,1901
29.2157,1835
29.2362,1869
29.2566,1863
29.2771,1926
29.2976,1895
29.318,1892
29.3385,1859
29.3589,1935
29.3794,1821
29.3999,1870
29.4203,1908
29.4408,1870
29.4613,1954
29.4817,1899
29.5022,1868
29.5227,1853
29.5431,1782
29.5636,1885
29.584,1848
29.6045,1793
29.625,1767
29.6454,1848
29.6659,1788
29.6864,1814
29.7068,1853
29.7273,1827
29.7478,1873
29.7682,1854
29.7887,1722
29.8091,1794
29.8296,1856
29.8501,1834
29.8705,1770
29.891,1863
29.9115,1837
29.9319,1825
29.9524,1753
29.9729,1836
29.9933,1820
30.0138,1760
30.0343,1808
30.0547,1775
30.0752,1843
30.0956,1774
30.1161,1817
30.1366,1796
30.157,1780
30.1775,1781
30.198,1747
30.2184,1850
30.2389,1671
30.2594,1733
30.2798,1696
30.3003,1760
30.3207,1703
30.3412,1731
30.3617,1685
30.3821,1714
30.4026,1727
30.4231,1728
30.4435,1758
30.464,1714
30.4845,1733
30.5049,1749
30.5254,1724
30.5458,1733
30.5663,1705
30.5868,1695
30.6072,1711
30.6277,1686
30.6482,1773
30.6686,1699
30.6891,1774
30.7096,1687
30.73,1665
30.7505,1688
30.771,1699
30.7914,1674
30.8119,1588
30.8323,1699
30.8528,1710
30.8733,1746
30.8937,1674
30.9142,1684
30.9347,1677
30.9551,1687
30.9756,1670
30.9961,1643
31.0165,1712
31.037,1669
31.0574,1700
31.0779,1682
31.0984,1693
31.1188,1802
31.1393,1601
31.1598,1638
31.1802,1620
31.2007,1685
31.2212,1649
31.2416,1538
31.2621,1678
31.2825,1631
31.303,1671
31.3235,1656
31.3439,1669
31.3644,1604
31.3849,1625
31.4053,1591
31.4258,1667
31.4463,1630
31.4667,1657
31.4872,1686
31.5077,1713
31.5281,1662
31.5486,1631
31.569,1624
31.5895,1675
31.61,1595
31.6304,1595
31.6509,1640
31.6714,1548
31.6918,1669
31.7123,1599
31.7328,1600
31.7532,1648
31.7737,1575
31.7941,1616
31.8146,1613
31.8351,1618
31.8555,1647
31.876,1541
31.8965,1536
31.9169,1587
31.9374,1573
31.9579,1591
31.9783,1559
31.9988,1559
32.0192,1574
32.0397,1650
32.0602,1571
32.0806,1531
32.1011,1603
32.1216,1595
32.142,1492
32.1625,1598
32.183,1646
32.2034,1468
32.2239,1560
32.2444,1485
32.2648,1535
32.2853,1522
32.3057,1562
32.3262,1552
32.3467,1571
32.3671,1569
32.3876,1547
32.4081,1534
32.4285,1468
32.449,1595
32.4695,1527
32.4899,1563
32.5104,1530
32.5308,1530
32.5513,1511
32.5718,1462
32.5922,1551
32.6127,1492
32.6332,1510
32.6536,1532
32.6741,1485
32.6946,1406
32.715,1517
32.7355,1529
32.7559,1473
32.7764,1484
32.7969,1539
32.8173,1544
32.8378,1441
32.8583,1490
32.8787,1507
32.8992,1543
32.9197,1488
32.9401,1503
32.9606,1473
32.9811,1516
33.0015,1501
33.022,1455
33.0424,1523
33.0629,1502
33.0834,1405
33.1038,1431
33.1243,1525
33.1448,1475
33.1652,1472
33.1857,1463
33.2062,1426
33.2266,1433
33.2471,1520
33.2675,1428
33.288,1453
33.3085,1422
33.3289,1479
33.3494,1470
33.3699,1518
33.3903,1468
33.4108,1441
33.4313,1517
33.4517,1518
33.4722,1488
33.4926,1494
33.5131,1497
33.5336,1386
33.554,1481
33.5745,1467
33.595,1493
33.6154,1511
33.6359,1483
33.6564,1387
33.6768,1418
33.6973,1375
33.7178,1400
33.7382,1431
33.7587,1462
33.7791,1472
33.7996,1474
33.8201,1403
33.8405,1391
33.861,1407
33.8815,1440
33.9019,1424
33.9224,1429
33.9429,1502
33.9633,1433
33.9838,1396
34.0042,1463
34.0247,1382
34.0452,1379
34.0656,1442
34.0861,1454
34.1066,1425
34.127,1452
34.1475,1358
34.168,1442
34.1884,1433
34.2089,1423
34.2293,1386
34.2498,1399
34.2703,1373
34.2907,1463
34.3112,1376
34.3317,1426
34.3521,1361
34.3726,1351
34.3931,1403
34.4135,1301
34.434,1427
34.4545,1455
34.4749,1405
34.4954,1352
34.5158,1406
34.5363,1398
34.5568,1435
34.5772,1403
34.5977,1423
34.6182,1405
34.6386,1321
34.6591,1354
34.6796,1425
34.7,1355
34.7205,1346
34.7409,1355
34.7614,1362
34.7819,1445
34.8023,1315
34.8228,1431
34.8433,1356
34.8637,1401
34.8842,1405
34.9047,1399
34.9251,1322
34.9456,1384
34.966,1416
34.9865,1382
35.007,1289
35.0274,1350
35.0479,1363
35.0684,1329
35.0888,1341
35.1093,1423
35.1298,1358
35.1502,1348
35.1707,1298
35.1912,1351
35.2116,1391
35.2321,1304
35.2525,1327
35.273,1338
35.2935,1342
35.3139,1396
35.3344,1319
35.3549,1391
35.3753,1327
35.3958,1304
35.4163,1333
35.4367,1329
35.4572,1301
35.4776,1292
35.4981,1339
35.5186,1354
35.539,1373
35.5595,1364
35.58,1368
35.6004,1289
35.6209,1344
35.6414,1389
35.6618,1240
35.6823,1270
35.7027,1385
35.7232,1306
35.7437,1373
35.7641,1361
35.7846,1342
35.8051,1307
35.8255,1268
35.846,1300
35.8665,1359
35.8869,1400
35.9074,1305
35.9279,1321
35.9483,1340
35.9688,1287
35.9892,1367
36.0097,1287
36.0302,1345
36.0506,1265
36.0711,1340
36.0916,1321
36.112,1372
36.1325,1324
36.153,1287
36.1734,1406
36.1939,1315
36.2143,1272
36.2348,1289
36.2553,1324
36.2757,1368
36.2962,1379
36.3167,1304
36.3371,1291
36.3576,1322
36.3781,1319
36.3985,1356
36.419,1371
36.4394,1312
36.4599,1350
36.4804,1430
36.5008,1370
36.5213,1420
36.5418,1397
36.5622,1335
36.5827,1366
36.6032,1348
36.6236,1413
36.6441,1330
36.6646,1414
36.685,1418
36.7055,1449
36.7259,1417
36.7464,1462
36.7669,1513
36.7873,1516
36.8078,1497
36.8283,1523
36.8487,1571
36.8692,1564
36.8897,1601
36.9101,1619
36.9306,1697
36.951,1757
36.9715,1771
36.992,1813
37.0124,1853
37.0329,1999
37.0534,2103
37.0738,2103
37.0943,2281
37.1148,2289
37.1352,2474
37.1557,2473
37.1761,2575
37.1966,2507
37.2171,2477
37.2375,2450
37.258,2480
37.2785,2274
37.2989,2198
37.3194,2153
37.3399,2054
37.3603,2008
37.3808,1939
37.4013,1867
37.4217,1723
37.4422,1669
37.4626,1560
37.4831,1535
37.5036,1580
37.524,1413
37.5445,1383
37.565,1477
37.5854,1432
37.6059,1291
37.6264,1374
37.6468,1327
37.6673,1302
37.6877,1296
37.7082,1342
37.7287,1253
37.7491,1308
37.7696,1323
37.7901,1227
37.8105,1246
37.831,1222
37.8515,1291
37.8719,1316
37.8924,1290
37.9129,1223
37.9333,1258
37.9538,1253
37.9742,1340
37.9947,1221
38.0152,1277
38.0356,1150
38.0561,1256
38.0766,1292
38.097,1195
38.1175,1204
38.138,1185
38.1584,1186
38.1789,1209
38.1993,1176
38.2198,1230
38.2403,1249
38.2607,1135
38.2812,1100
38.3017,1132
38.3221,1225
38.3426,1237
38.3631,1192
38.3835,1170
38.404,1171
38.4244,1195
38.4449,1210
38.4654,1234
38.4858,1142
38.5063,1109
38.5268,1144
38.5472,1143
38.5677,1166
38.5882,1164
38.6086,1126
38.6291,1127
38.6496,1173
38.67,1120
38.6905,1215
38.7109,1145
38.7314,1223
38.7519,1115
38.7723,1181
38.7928,1194
38.8133,1106
38.8337,1192
38.8542,1179
38.8747,1150
38.8951,1189
38.9156,1153
38.936,1148
38.9565,1111
38.977,1101
38.9974,1142
39.0179,1144
39.0384,1070
39.0588,1120
39.0793,1155
39.0998,1192
39.1202,1157
39.1407,1135
39.1611,1151
39.1816,1161
39.2021,1177
39.2225,1106
39.243,1107
39.2635,1072
39.2839,1109
39.3044,1140
39.3249,1173
39.3453,1085
39.3658,1115
39.3863,1165
39.4067,1118
39.4272,1154
39.4476,1083
39.4681,1101
39.4886,1119
39.509,1156
39.5295,1145
39.55,1091
39.5704,1139
39.5909,1107
39.6114,1113
39.6318,1111
39.6523,1097
39.6727,1196
39.6932,1103
39.7137,1075
39.7341,1063
39.7546,1128
39.7751,1179
39.7955,1073
39.816,1111
39.8365,1082
39.8569,1111
39.8774,1074
39.8978,1149
39.9183,1098
39.9388,1080
39.9592,1119
39.9797,1074
40.0002,1116
40.0206,1126
40.0411,1125
40.0616,1109
40.082,1076
40.1025,1082
40.123,1140
40.1434,1109
40.1639,1135
40.1843,1159
40.2048,1070
40.2253,1183
40.2457,1112
40.2662,1113
40.2867,1062
40.3071,1096
40.3276,1113
40.3481,1159
40.3685,1077
40.389,1184
40.4094,1114
40.4299,1131
40.4504,1088
40.4708,1121
40.4913,1066
40.5118,1105
40.5322,1072
40.5527,1129
40.5732,1095
40.5936,1072
40.6141,1122
40.6345,1106
40.655,1045
40.6755,1181
40.6959,1055
40.7164,1048
40.7369,1086
40.7573,1065
40.7778,1070
40.7983,1084
40.8187,1105
40.8392,1122
40.8597,1128
40.8801,1147
40.9006,1118
40.921,1139
40.9415,1071
40.962,1101
40.9824,1137
41.0029,1132
41.0234,1126
41.0438,1118
41.0643,1071
41.0848,1086
41.1052,1088
41.1257,1129
41.1461,1149
41.1666,1104
41.1871,1070
41.2075,1138
41.228,1049
41.2485,1093
41.2689,1113
41.2894,1104
41.3099,1071
41.3303,1085
41.3508,1131
41.3712,1086
41.3917,1144
41.4122,1146
41.4326,1095
41.4531,1137
41.4736,1114
41.494,1137
41.5145,1145
41.535,1076
41.5554,1099
41.5759,1154
41.5964,1096
41.6168,1113
41.6373,1176
41.6577,1084
41.6782,1120
41.6987,1097
41.7191,1137
41.7396,1155
41.7601,1153
41.7805,1079
41.801,1124
41.8215,1135
41.8419,1130
41.8624,1202
41.8828,1181
41.9033,1101
41.9238,1079
41.9442,1151
41.9647,1124
41.9852,1136
42.0056,1220
42.0261,1193
42.0466,1134
42.067,1151
42.0875,1147
42.1079,1138
42.1284,1168
42.1489,1186
42.1693,1196
42.1898,1220
42.2103,1182
42.2307,1222
42.2512,1214
42.2717,1210
42.2921,1145
42.3126,1160
42.3331,1233
42.3535,1204
42.374,1246
42.3944,1210
42.4149,1194
42.4354,1215
42.4558,1253
42.4763,1226
42.4968,1246
42.5172,1255
42.5377,1251
42.5582,1230
42.5786,1258
42.5991,1266
42.6195,1312
42.64,1322
42.6605,1332
42.6809,1349
42.7014,1395
42.7219,1446
42.7423,1461
42.7628,1488
42.7833,1501
42.8037,1548
42.8242,1655
42.8446,1696
42.8651,1765
42.8856,1941
42.906,1864
42.9265,1939
42.947,2001
42.9674,2068
42.9879,2237
43.0084,2252
43.0288,2357
43.0493,2571
43.0698,2612
43.0902,2783
43.1107,2988
43.1311,3045
43.1516,3359
43.1721,3376
43.1925,3412
43.213,3525
43.2335,3603
43.2539,3475
43.2744,3447
43.2949,3387
43.3153,3062
43.3358,3084
43.3562,2902
43.3767,2705
43.3972,2604
43.4176,2412
43.4381,2340
43.4586,2137
43.479,1940
43.4995,1831
43.52,1820
43.5404,1750
43.5609,1634
43.5813,1610
43.6018,1516
43.6223,1539
43.6427,1414
43.6632,1387
43.6837,1477
43.7041,1478
43.7246,1356
43.7451,1322
43.7655,1342
43.786,1306
43.8065,1279
43.8269,1297
43.8474,1253
43.8678,1291
43.8883,1348
43.9088,1298
43.9292,1296
43.9497,1245
43.9702,1266
43.9906,1350
44.0111,1241
44.0316,1258
44.052,1155
44.0725,1211
44.0929,1213
44.1134,1264
44.1339,1226
44.1543,1109
44.1748,1152
44.1953,1177
44.2157,1174
44.2362,1141
44.2567,1176
44.2771,1167
44.2976,1140
44.318,1099
44.3385,1102
44.359,1079
44.3794,1078
44.3999,1141
44.4204,1148
44.4408,1094
44.4613,1103
44.4818,1068
44.5022,1131
44.5227,1111
44.5432,1101
44.5636,1106
44.5841,1071
44.6045,1132
44.625,1134
44.6455,1082
44.6659,1080
44.6864,1126
44.7069,1052
44.7273,1082
44.7478,1051
44.7683,1042
44.7887,1060
44.8092,1051
44.8296,1045
44.8501,1022
44.8706,1129
44.891,1044
44.9115,1062
44.932,1097
44.9524,1064
44.9729,1028
44.9934,1112
45.0138,1075
45.0343,1091
45.0547,1060
45.0752,1094
45.0957,1037
45.1161,1062
45.1366,1070
45.1571,1062
45.1775,1043
45.198,1049
45.2185,1065
45.2389,1014
45.2594,1029
45.2799,1066
45.3003,1113
45.3208,1023
45.3412,1091
45.3617,1056
45.3822,1069
45.4026,1015
45.4231,1084
45.4436,1054
45.464,1088
45.4845,1042
45.505,1069
45.5254,1009
45.5459,1017
45.5663,1078
45.5868,1005
45.6073,1037
45.6277,977
45.6482,1011
45.6687,999
45.6891,1088
45.7096,1040
45.7301,996
45.7505,1047
45.771,1034
45.7914,1031
45.8119,984
45.8324,1009
45.8528,1092
45.8733,1028
45.8938,1041
45.9142,1066
45.9347,994
45.9552,1040
45.9756,1002
45.9961,1070
46.0166,1077
46.037,997
46.0575,1084
46.0779,1047
46.0984,1013
46.1189,1020
46.1393,1050
46.1598,1050
46.1803,992
46.2007,962
46.2212,978
46.2417,1002
46.2621,1031
46.2826,998
46.303,1031
46.3235,1066
46.344,999
46.3644,1049
46.3849,985
46.4054,1025
46.4258,982
46.4463,1007
46.4668,1012
46.4872,1034
46.5077,1038
46.5281,1013
46.5486,1058
46.5691,1001
46.5895,1064
46.61,982
46.6305,1074
46.6509,1075
46.6714,1025
46.6919,1010
46.7123,985
46.7328,1022
46.7533,1032
46.7737,1036
46.7942,970
46.8146,969
46.8351,989
46.8556,1024
46.876,984
46.8965,945
46.917,993
46.9374,1015
46.9579,985
46.9784,1004
46.9988,1025
47.0193,984
47.0397,1112
47.0602,1010
47.0807,1018
47.1011,1000
47.1216,1011
47.1421,967
47.1625,1000
47.183,996
47.2035,987
47.2239,1002
47.2444,1055
47.2648,1005
47.2853,940
47.3058,1063
47.3262,1011
47.3467,1037
47.3672,996
47.3876,1067
47.4081,1024
47.4286,1033
47.449,1011
47.4695,1019
47.49,1065
47.5104,995
47.5309,1015
47.5513,928
47.5718,940
47.5923,962
47.6127,986
47.6332,1020
47.6537,1001
47.6741,967
47.6946,971
47.7151,998
47.7355,956
47.756,995
47.7764,983
47.7969,1040
47.8174,1014
47.8378,1026
47.8583,982
47.8788,1025
47.8992,1036
47.9197,937
47.9402,941
47.9606,990
47.9811,934
48.0015,951
48.022,954
48.0425,1021
48.0629,1017
48.0834,989
48.1039,983
48.1243,1001
48.1448,998
48.1653,956
48.1857,994
48.2062,1019
48.2267,939
48.2471,945
48.2676,944
48.288,962
48.3085,994
48.329,968
48.3494,990
48.3699,996
48.3904,989
48.4108,965
48.4313,955
48.4518,1026
48.4722,970
48.4927,945
48.5131,981
48.5336,972
48.5541,1043
48.5745,981
48.595,948
48.6155,964
48.6359,944
48.6564,966
48.6769,984
48.6973,962
48.7178,998
48.7382,957
48.7587,975
48.7792,1019
48.7996,1002
48.8201,948
48.8406,1004
48.861,993
48.8815,1047
48.902,964
48.9224,980
48.9429,1005
48.9634,1000
48.9838,999
49.0043,978
49.0247,948
49.0452,1016
49.0657,951
49.0861,961
49.1066,979
49.1271,1006
49.1475,971
49.168,1009
49.1885,1002
49.2089,1004
49.2294,914
49.2498,948
49.2703,1031
49.2908,916
49.3112,952
49.3317,1013
49.3522,987
49.3726,926
49.3931,992
49.4136,926
49.434,974
49.4545,955
49.4749,935
49.4954,977
49.5159,1052
49.5363,929
49.5568,948
49.5773,930
49.5977,964
49.6182,982
49.6387,981
49.6591,994
49.6796,1043
49.7001,982
49.7205,974
49.741,1009
49.7614,977
49.7819,1002
49.8024,1001
49.8228,1008
49.8433,1037
49.8638,996
49.8842,1031
49.9047,983
49.9252,984
49.9456,1031
49.9661,1026
49.9865,1029
50.007,1015
50.0275,1024
50.0479,953
50.0684,940
50.0889,992
50.1093,965
50.1298,1021
50.1503,940
50.1707,957
50.1912,926
50.2116,964
50.2321,983
50.2526,983
50.273,955
50.2935,967
50.314,977
50.3344,951
50.3549,956
50.3754,946
50.3958,1013
50.4163,938
50.4368,943
50.4572,940
50.4777,910
50.4981,871
50.5186,944
50.5391,1003
50.5595,944
50.58,937
50.6005,958
50.6209,959
50.6414,950
50.6619,990
50.6823,937
50.7028,948
50.7232,956
50.7437,917
50.7642,979
50.7846,936
50.8051,993
50.8256,935
50.846,943
50.8665,951
50.887,983
50.9074,1016
50.9279,936
50.9484,970
50.9688,986
50.9893,978
51.0097,960
51.0302,1059
51.0507,1002
51.0711,947
51.0916,1033
51.1121,999
51.1325,935
51.153,960
51.1735,923
51.1939,996
51.2144,983
51.2348,951
51.2553,924
51.2758,937
51.2962,914
51.3167,910
51.3372,921
51.3576,918
51.3781,958
51.3986,945
51.419,971
51.4395,949
51.4599,911
51.4804,973
51.5009,929
51.5213,933
51.5418,929
51.5623,931
51.5827,897
51.6032,977
51.6237,900
51.6441,885
51.6646,928
51.6851,943
51.7055,932
51.726,900
51.7464,972
51.7669,979
51.7874,956
51.8078,938
51.8283,905
51.8488,965
51.8692,950
51.8897,941
51.9102,908
51.9306,926
51.9511,947
51.9715,940
51.992,930
52.0125,922
52.0329,980
52.0534,962
52.0739,939
52.0943,980
52.1148,962
52.1353,962
52.1557,929
52.1762,925
52.1966,986
52.2171,1004
52.2376,934
52.258,928
52.2785,914
52.299,997
52.3194,893
52.3399,912
52.3604,926
52.3808,917
52.4013,913
52.4218,925
52.4422,885
52.4627,925
52.4831,926
52.5036,901
52.5241,974
52.5445,896
52.565,893
52.5855,929
52.6059,966
52.6264,935
52.6469,910
52.6673,939
52.6878,982
52.7082,894
52.7287,908
52.7492,903
52.7696,895
52.7901,893
52.8106,918
52.831,889
52.8515,926
52.872,915
52.8924,952
52.9129,924
52.9333,938
52.9538,937
52.9743,995
52.9947,941
53.0152,909
53.0357,934
53.0561,919
53.0766,951
53.0971,918
53.1175,951
53.138,908
53.1585,957
53.1789,893
53.1994,876
53.2198,934
53.2403,942
53.2608,926
53.2812,901
53.3017,916
53.3222,935
53.3426,910
53.3631,950
53.3836,876
53.404,872
53.4245,940
53.4449,897
53.4654,883
53.4859,924
53.5063,907
53.5268,937
53.5473,928
53.5677,898
53.5882,938
53.6087,930
53.6291,898
53.6496,912
53.67,968
53.6905,903
53.711,886
53.7314,909
53.7519,933
53.7724,922
53.7928,901
53.8133,928
53.8338,915
53.8542,917
53.8747,926
53.8952,952
53.9156,965
53.9361,879
53.9565,965
53.977,913
53.9975,942
54.0179,900
54.0384,969
54.0589,1004
54.0793,939
54.0998,862
54.1203,871
54.1407,899
54.1612,892
54.1816,897
54.2021,945
54.2226,956
54.243,930
54.2635,949
54.284,904
54.3044,904
54.3249,892
54.3454,935
54.3658,874
54.3863,908
54.4067,952
54.4272,925
54.4477,945
54.4681,876
54.4886,885
54.5091,885
54.5295,919
54.55,939
54.5705,908
54.5909,828
54.6114,860
54.6319,898
54.6523,854
54.6728,873
54.6932,890
54.7137,927
54.7342,906
54.7546,850
54.7751,892
54.7956,896
54.816,915
54.8365,903
54.857,902
54.8774,886
54.8979,933
54.9183,903
54.9388,905
54.9593,916
54.9797,895
55.0002,893
55.0207,922
55.0411,908
55.0616,881
55.0821,898
55.1025,907
55.123,912
55.1434,910
55.1639,887
55.1844,932
55.2048,908
55.2253,897
55.2458,907
55.2662,868
55.2867,941
55.3072,895
55.3276,967
55.3481,922
55.3686,866
55.389,926
55.4095,921
55.4299,896
55.4504,902
55.4709,900
55.4913,875
55.5118,936
55.5323,903
55.5527,911
55.5732,898
55.5937,860
55.6141,913
55.6346,885
55.655,903
55.6755,871
55.696,860
55.7164,946
55.7369,921
55.7574,887
55.7778,882
55.7983,929
55.8188,932
55.8392,902
55.8597,902
55.8801,921
55.9006,914
55.9211,910
55.9415,873
55.962,883
55.9825,885
56.0029,898
56.0234,905
56.0439,888
56.0643,939
56.0848,904
56.1053,924
56.1257,903
56.1462,916
56.1666,902
56.1871,899
56.2076,883
56.228,913
56.2485,870
56.269,935
56.2894,933
56.3099,913
56.3304,898
56.3508,923
56.3713,851
56.3917,898
56.4122,896
56.4327,835
56.4531,858
56.4736,895
56.4941,940
56.5145,853
56.535,923
56.5555,885
56.5759,901
56.5964,898
56.6168,916
56.6373,876
56.6578,896
56.6782,920
56.6987,878
56.7192,918
56.7396,895
56.7601,916
56.7806,923
56.801,860
56.8215,905
56.842,920
56.8624,879
56.8829,927
56.9033,904
56.9238,882
56.9443,885
56.9647,884
56.9852,886
57.0057,856
57.0261,898
57.0466,901
57.0671,877
57.0875,895
57.108,910
57.1284,825
57.1489,869
57.1694,834
57.1898,887
57.2103,923
57.2308,880
57.2512,886
57.2717,980
57.2922,925
57.3126,873
57.3331,863
57.3535,889
57.374,963
57.3945,943
57.4149,844
57.4354,892
57.4559,889
57.4763,928
57.4968,914
57.5173,898
57.5377,926
57.5582,944
57.5787,891
57.5991,933
57.6196,852
57.64,852
57.6605,881
57.681,880
57.7014,854
57.7219,882
57.7424,860
57.7628,876
57.7833,915
57.8038,914
57.8242,880
57.8447,907
57.8651,875
57.8856,904
57.9061,879
57.9265,851
57.947,890
57.9675,868
57.9879,880
58.0084,825
58.0289,861
58.0493,872
58.0698,833
58.0902,918
58.1107,891
58.1312,893
58.1516,870
58.1721,858
58.1926,891
58.213,876
58.2335,913
58.254,891
58.2744,861
58.2949,906
58.3154,841
58.3358,886
58.3563,896
58.3767,875
58.3972,898
58.4177,869
58.4381,906
58.4586,889
58.4791,891
58.4995,842
58.52,880
58.5405,925
58.5609,903
58.5814,922
58.6018,819
58.6223,907
58.6428,904
58.6632,899
58.6837,893
58.7042,888
58.7246,856
58.7451,913
58.7656,848
58.786,928
58.8065,921
58.8269,884
58.8474,872
58.8679,936
58.8883,870
58.9088,879
58.9293,934
58.9497,900
58.9702,935
58.9907,846
59.0111,928
59.0316,929
59.0521,880
59.0725,935
59.093,899
59.1134,853
59.1339,918
59.1544,907
59.1748,866
59.1953,882
59.2158,906
59.2362,887
59.2567,867
59.2772,913
59.2976,897
59.3181,918
59.3385,895
59.359,849
59.3795,963
59.3999,824
59.4204,909
59.4409,856
59.4613,870
59.4818,868
59.5023,943
59.5227,917
59.5432,915
59.5636,902
59.5841,925
59.6046,908
59.625,864
59.6455,852
59.666,865
59.6864,926
59.7069,967
59.7274,848
59.7478,882
59.7683,869
59.7888,879
59.8092,909
59.8297,922
59.8501,897
59.8706,872
59.8911,910
59.9115,919
59.932,857
59.9525,880
59.9729,859
59.9934,882
60.0139,882
60.0343,832
60.0548,890
60.0752,848
60.0957,895
60.1162,922
60.1366,860
60.1571,882
60.1776,891
60.198,896
60.2185,947
60.239,892
60.2594,869
60.2799,915
60.3003,853
60.3208,865
60.3413,924
60.3617,861
60.3822,932
60.4027,854
60.4231,874
60.4436,866
60.4641,923
60.4845,915
60.505,829
60.5255,930
60.5459,863
60.5664,888
60.5868,886
60.6073,857
60.6278,875
60.6482,988
60.6687,897
60.6892,892
60.7096,898
60.7301,899
60.7506,883
60.771,913
60.7915,920
60.8119,914
60.8324,876
60.8529,894
60.8733,874
60.8938,889
60.9143,926
60.9347,860
60.9552,896
60.9757,877
60.9961,854
61.0166,883
61.037,880
61.0575,890
61.078,857
61.0984,861
61.1189,896
61.1394,898
61.1598,917
61.1803,911
61.2008,933
61.2212,885
61.2417,857
61.2622,890
61.2826,867
61.3031,872
61.3235,833
61.344,845
61.3645,920
61.3849,896
61.4054,943
61.4259,945
61.4463,894
61.4668,905
61.4873,919
61.5077,923
61.5282,926
61.5486,910
61.5691,873
61.5896,947
61.61,900
61.6305,860
61.651,900
61.6714,886
61.6919,940
61.7124,927
61.7328,917
61.7533,925
61.7737,934
61.7942,908
61.8147,942
61.8351,937
61.8556,931
61.8761,939
61.8965,930
61.917,946
61.9375,932
61.9579,940
61.9784,933
61.9989,955
62.0193,968
62.0398,950
62.0602,964
62.0807,977
62.1012,965
62.1216,987
62.1421,1047
62.1626,981
62.183,985
62.2035,1014
62.224,1067
62.2444,1066
62.2649,1115
62.2853,1045
62.3058,1117
62.3263,1008
62.3467,1111
62.3672,1149
62.3877,1158
62.4081,1149
62.4286,1156
62.4491,1254
62.4695,1314
62.49,1317
62.5104,1323
62.5309,1340
62.5514,1422
62.5718,1502
62.5923,1507
62.6128,1556
62.6332,1558
62.6537,1620
62.6742,1662
62.6946,1736
62.7151,1686
62.7356,1754
62.756,1731
62.7765,1747
62.7969,1768
62.8174,1708
62.8379,1780
62.8583,1643
62.8788,1651
62.8993,1597
62.9197,1663
62.9402,1556
62.9607,1541
62.9811,1465
63.0016,1466
63.022,1399
63.0425,1373
63.063,1256
63.0834,1317
63.1039,1247
63.1244,1184
63.1448,1194
63.1653,1147
63.1858,1111
63.2062,1085
63.2267,1024
63.2471,1024
63.2676,1034
63.2881,1074
63.3085,1014
63.329,1067
63.3495,1008
63.3699,1007
63.3904,995
63.4109,923
63.4313,994
63.4518,977
63.4723,937
63.4927,1024
63.5132,935
63.5336,968
63.5541,945
63.5746,1000
63.595,897
63.6155,961
63.636,948
63.6564,908
63.6769,935
63.6974,867
63.7178,891
63.7383,942
63.7587,878
63.7792,913
63.7997,943
63.8201,910
63.8406,925
63.8611,892
63.8815,962
63.902,917
63.9225,863
63.9429,873
63.9634,857
63.9838,861
64.0043,940
64.0248,900
64.0452,914
64.0657,897
64.0862,923
64.1066,970
64.1271,940
64.1476,939
64.168,896
64.1885,942
64.209,881
64.2294,871
64.2499,944
64.2703,848
64.2908,864
64.3113,936
64.3317,865
64.3522,891
64.3727,868
64.3931,842
64.4136,903
64.4341,901
64.4545,871
64.475,887
64.4954,866
64.5159,882
64.5364,861
64.5568,876
64.5773,888
64.5978,842
64.6182,890
64.6387,846
64.6592,866
64.6796,879
64.7001,882
64.7206,877
64.741,863
64.7615,914
64.7819,852
64.8024,831
64.8229,885
64.8433,853
64.8638,931
64.8843,887
64.9047,907
64.9252,814
64.9457,864
64.9661,890
64.9866,836
65.007,883
65.0275,790
65.048,858
65.0684,865
65.0889,921
65.1094,849
65.1298,836
65.1503,876
65.1708,843
65.1912,839
65.2117,861
65.2321,885
65.2526,876
65.2731,841
65.2935,928
65.314,892
65.3345,820
65.3549,877
65.3754,858
65.3959,855
65.4163,934
65.4368,838
65.4573,858
65.4777,803
65.4982,892
65.5186,909
65.5391,879
65.5596,841
65.58,844
65.6005,861
65.621,837
65.6414,871
65.6619,827
65.6824,832
65.7028,878
65.7233,799
65.7437,881
65.7642,879
65.7847,840
65.8051,858
65.8256,883
65.8461,932
65.8665,866
65.887,834
65.9075,846
65.9279,875
65.9484,854
65.9688,859
65.9893,902
66.0098,901
66.0302,846
66.0507,892
66.0712,800
66.0916,851
66.1121,860
66.1326,887
66.153,831
66.1735,831
66.194,865
66.2144,812
66.2349,838
66.2553,903
66.2758,800
66.2963,837
66.3167,826
66.3372,869
66.3577,832
66.3781,842
66.3986,886
66.4191,872
66.4395,863
66.46,840
66.4804,827
66.5009,869
66.5214,839
66.5418,883
66.5623,858
66.5828,868
66.6032,831
66.6237,803
66.6442,872
66.6646,850
66.6851,843
66.7055,852
66.726,791
66.7465,848
66.7669,809
66.7874,857
66.8079,880
66.8283,902
66.8488,861
66.8693,848
66.8897,863
66.9102,811
66.9307,888
66.9511,866
66.9716,811
66.992,804
67.0125,848
67.033,838
67.0534,889
67.0739,835
67.0944,861
67.1148,853
67.1353,836
67.1558,864
67.1762,827
67.1967,860
67.2171,832
67.2376,819
67.2581,815
67.2785,884
67.299,851
67.3195,839
67.3399,792
67.3604,823
67.3809,776
67.4013,794
67.4218,784
67.4422,825
67.4627,860
67.4832,844
67.5036,812
67.5241,858
67.5446,896
67.565,858
67.5855,886
67.606,791
67.6264,851
67.6469,819
67.6674,825
67.6878,891
67.7083,847
67.7287,805
67.7492,810
67.7697,805
67.7901,831
67.8106,830
67.8311,877
67.8515,831
67.872,815
67.8925,801
67.9129,827
67.9334,838
67.9538,830
67.9743,826
67.9948,855
68.0152,814
68.0357,857
68.0562,882
68.0766,879
68.0971,796
68.1176,845
68.138,837
68.1585,881
68.1789,801
68.1994,831
68.2199,823
68.2403,890
68.2608,844
68.2813,864
68.3017,862
68.3222,866
68.3427,852
68.3631,902
68.3836,806
68.4041,857
68.4245,773
68.445,766
68.4654,807
68.4859,839
68.5064,836
68.5268,852
68.5473,763
68.5678,842
68.5882,855
68.6087,841
68.6292,781
68.6496,799
68.6701,796
68.6905,814
68.711,831
68.7315,842
68.7519,806
68.7724,755
68.7929,775
68.8133,800
68.8338,790
68.8543,808
68.8747,829
68.8952,787
68.9156,787
68.9361,793
68.9566,836
68.977,823
68.9975,818
69.018,815
69.0384,826
69.0589,864
69.0794,808
69.0998,812
69.1203,768
69.1408,801
69.1612,785
69.1817,853
69.2021,827
69.2226,819
69.2431,828
69.2635,834
69.284,790
69.3045,841
69.3249,841
69.3454,845
69.3659,773
69.3863,848
69.4068,822
69.4272,855
69.4477,859
69.4682,821
69.4886,784
69.5091,817
69.5296,817
69.55,807
69.5705,855
69.591,814
69.6114,845
69.6319,797
69.6523,839
69.6728,782
69.6933,779
69.7137,837
69.7342,759
69.7547,779
69.7751,820
69.7956,838
69.8161,757
69.8365,792
69.857,759
69.8775,764
69.8979,812
69.9184,772
69.9388,800
69.9593,823
69.9798,800
70.0002,782
70.0207,812
70.0412,879
70.0616,803
70.0821,749
70.1026,755
70.123,814
70.1435,789
70.1639,824
70.1844,811
70.2049,785
70.2253,770
70.2458,789
70.2663,763
70.2867,772
70.3072,807
70.3277,812
70.3481,818
70.3686,772
70.389,858
70.4095,751
70.43,830
70.4504,805
70.4709,778
70.4914,836
70.5118,818
70.5323,800
70.5528,795
70.5732,837
70.5937,790
70.6142,779
70.6346,748
70.6551,785
70.6755,792
70.696,781
70.7165,839
70.7369,791
70.7574,774
70.7779,753
70.7983,807
70.8188,793
70.8393,777
70.8597,777
70.8802,796
70.9006,829
70.9211,769
70.9416,779
70.962,708
70.9825,835
71.003,793
71.0234,790
71.0439,783
71.0644,781
71.0848,744
71.1053,800
71.1257,797
71.1462,736
71.1667,792
71.1871,789
71.2076,830
71.2281,755
71.2485,771
71.269,773
71.2895,751
71.3099,755
71.3304,785
71.3509,714
71.3713,805
71.3918,821
71.4122,758
71.4327,788
71.4532,790
71.4736,824
71.4941,727
71.5146,770
71.535,742
71.5555,798
71.576,796
71.5964,841
71.6169,788
71.6373,771
71.6578,813
71.6783,798
71.6987,773
71.7192,822
71.7397,798
71.7601,812
71.7806,790
71.8011,755
71.8215,754
71.842,770
71.8624,777
71.8829,781
71.9034,790
71.9238,769
71.9443,708
71.9648,777
71.9852,743
72.0057,794
72.0262,769
72.0466,756
72.0671,792
72.0876,760
72.108,789
72.1285,745
72.1489,780
72.1694,793
72.1899,776
72.2103,779
72.2308,780
72.2513,809
72.2717,797
72.2922,676
72.3127,770
72.3331,822
72.3536,790
72.374,838
72.3945,765
72.415,784
72.4354,787
72.4559,779
72.4764,718
72.4968,709
72.5173,735
72.5378,773
72.5582,776
72.5787,754
72.5991,773
72.6196,803
72.6401,790
72.6605,764
72.681,814
72.7015,762
72.7219,799
72.7424,780
72.7629,750
72.7833,794
72.8038,761
72.8243,747
72.8447,771
72.8652,775
72.8856,789
72.9061,779
72.9266,797
72.947,748
72.9675,811
72.988,746
73.0084,789
73.0289,741
73.0494,764
73.0698,799
73.0903,810
73.1107,822
73.1312,798
73.1517,730
73.1721,740
73.1926,778
73.2131,787
73.2335,774
73.254,791
73.2745,775
73.2949,763
73.3154,782
73.3358,766
73.3563,726
73.3768,750
73.3972,750
73.4177,751
73.4382,799
73.4586,766
73.4791,795
73.4996,809
73.52,774
73.5405,800
73.561,827
73.5814,769
73.6019,770
73.6223,792
73.6428,802
73.6633,747
73.6837,785
73.7042,847
73.7247,789
73.7451,778
73.7656,711
73.7861,760
73.8065,766
73.827,711
73.8474,706
73.8679,746
73.8884,744
73.9088,682
73.9293,754
73.9498,763
73.9702,757
73.9907,781
74.0112,789
74.0316,790
74.0521,716
74.0725,796
74.093,806
74.1135,756
74.1339,742
74.1544,799
74.1749,789
74.1953,790
74.2158,753
74.2363,768
74.2567,764
74.2772,778
74.2977,763
74.3181,780
74.3386,775
74.359,781
74.3795,752
74.4,741
74.4204,789
74.4409,748
74.4614,790
74.4818,748
74.5023,816
74.5228,772
74.5432,763
74.5637,787
74.5841,768
74.6046,741
74.6251,817
74.6455,781
74.666,824
74.6865,849
74.7069,755
74.7274,789
74.7479,838
74.7683,811
74.7888,799
74.8092,834
74.8297,819
74.8502,787
74.8706,775
74.8911,803
74.9116,885
74.932,788
74.9525,817
74.973,830
74.9934,842
75.0139,875
75.0344,891
75.0548,924
75.0753,930
75.0957,886
75.1162,897
75.1367,905
75.1571,957
75.1776,946
75.1981,946
75.2185,963
75.239,1004
75.2595,987
75.2799,959
75.3004,964
75.3208,928
75.3413,934
75.3618,982
75.3822,887
75.4027,925
75.4232,921
75.4436,952
75.4641,912
75.4846,963
75.505,946
75.5255,917
75.5459,888
75.5664,890
75.5869,842
75.6073,865
75.6278,935
75.6483,833
75.6687,909
75.6892,785
75.7097,796
75.7301,855
75.7506,782
75.7711,789
75.7915,818
75.812,763
75.8324,704
75.8529,798
75.8734,813
75.8938,746
75.9143,794
75.9348,750
75.9552,729
75.9757,748
75.9962,680
76.0166,751
76.0371,753
76.0575,731
76.078,773
76.0985,747
76.1189,730
76.1394,759
76.1599,723
76.1803,723
76.2008,725
76.2213,767
76.2417,741
76.2622,748
76.2826,781
76.3031,740
76.3236,735
76.344,721
76.3645,702
76.385,746
76.4054,778
76.4259,773
76.4464,685
76.4668,710
76.4873,723
76.5078,730
76.5282,709
76.5487,707
76.5691,716
76.5896,776
76.6101,745
76.6305,732
76.651,730
76.6715,737
76.6919,782
76.7124,698
76.7329,775
76.7533,735
76.7738,747
76.7942,763
76.8147,684
76.8352,725
76.8556,730
76.8761,746
76.8966,753
76.917,790
76.9375,701
76.958,733
76.9784,717
76.9989,732
77.0193,752
77.0398,709
77.0603,708
77.0807,712
77.1012,732
77.1217,700
77.1421,737
77.1626,766
77.1831,686
77.2035,722
77.224,776
77.2445,712
77.2649,739
77.2854,704
77.3058,686
77.3263,687
77.3468,722
77.3672,730
77.3877,734
77.4082,769
77.4286,740
77.4491,683
77.4696,716
77.49,729
77.5105,709
77.5309,724
77.5514,718
77.5719,695
77.5923,748
77.6128,704
77.6333,698
77.6537,738
77.6742,688
77.6947,739
77.7151,665
77.7356,702
77.756,722
77.7765,706
77.797,715
77.8174,725
77.8379,759
77.8584,751
77.8788,690
77.8993,735
77.9198,710
77.9402,729
77.9607,681
77.9812,728
78.0016,697
78.0221,738
78.0425,695
78.063,644
78.0835,703
78.1039,735
78.1244,718
78.1449,706
78.1653,672
78.1858,691
78.2063,714
78.2267,735
78.2472,733
78.2676,724
78.2881,746
78.3086,750
78.329,740
78.3495,701
78.37,714
78.3904,695
78.4109,719
78.4314,698
78.4518,704
78.4723,695
78.4928,711
78.5132,751
78.5337,719
78.5541,729
78.5746,718
78.5951,748
78.6155,716
78.636,763
78.6565,717
78.6769,715
78.6974,712
78.7179,768
78.7383,730
78.7588,752
78.7792,736
78.7997,735
78.8202,723
78.8406,729
78.8611,756
78.8816,771
78.902,778
78.9225,776
78.943,783
78.9634,800
78.9839,723
79.0043,768
79.0248,760
79.0453,797
79.0657,826
79.0862,834
79.1067,875
79.1271,833
79.1476,868
79.1681,865
79.1885,844
79.209,841
79.2295,866
79.2499,915
79.2704,926
79.2908,871
79.3113,862
79.3318,891
79.3522,837
79.3727,866
79.3932,831
79.4136,873
79.4341,884
79.4546,839
79.475,836
79.4955,793
79.5159,799
79.5364,805
79.5569,766
79.5773,768
79.5978,779
79.6183,749
79.6387,749
79.6592,740
79.6797,730
79.7001,763
79.7206,774
79.741,751
79.7615,717
79.782,755
79.8024,733
79.8229,774
79.8434,750
79.8638,692
79.8843,727
79.9048,747
79.9252,700
79.9457,710
79.9662,681
79.9866,690
80.0071,672